no_below,no_above,allowed_postags,custom_remove,num_topics,coherence_cv,coherence_umass,vocab_size
8,0.55,,,2,0.6638675806226021,-1.8596400580011583,214
8,0.6,,,2,0.6638675806226021,-1.8596400580011583,214
8,0.65,,,2,0.6638675806226021,-1.8596400580011583,214
8,0.7,,,2,0.6638675806226021,-1.8596400580011583,214
8,0.75,,,2,0.6638675806226021,-1.8596400580011583,214
8,0.8,,,2,0.6638675806226021,-1.8596400580011583,214
8,0.5,,,2,0.6638675806226021,-1.8596400580011583,214
2,0.4,,,2,0.5759236243031993,-1.9860043619373298,814
6,0.4,,,2,0.6356478678220612,-2.0032962965127625,287
7,0.3,,,2,0.6510328298583941,-2.0219542474879617,244
7,0.35,,,2,0.6510328298583941,-2.0219542474879617,244
3,0.55,,,2,0.5735012762295726,-2.041250490011879,582
3,0.8,,,2,0.5735012762295726,-2.041250490011879,582
3,0.75,,,2,0.5735012762295726,-2.041250490011879,582
3,0.6,,,2,0.5735012762295726,-2.041250490011879,582
3,0.65,,,2,0.5735012762295726,-2.041250490011879,582
3,0.5,,,2,0.5735012762295726,-2.041250490011879,582
3,0.7,,,2,0.5735012762295726,-2.041250490011879,582
5,0.45,,,2,0.6055210040101435,-2.0600830637366494,351
3,0.45,,,2,0.5860606588110137,-2.0988464916409795,581
7,0.45,,,2,0.6290788726231032,-2.1177475233620946,246
2,0.65,,,2,0.5579182100432969,-2.135067795548152,816
2,0.8,,,2,0.5579182100432969,-2.135067795548152,816
2,0.6,,,2,0.5579182100432969,-2.135067795548152,816
2,0.75,,,2,0.5579182100432969,-2.135067795548152,816
2,0.7,,,2,0.5579182100432969,-2.135067795548152,816
2,0.55,,,2,0.5579182100432969,-2.135067795548152,816
2,0.5,,,2,0.5579182100432969,-2.135067795548152,816
6,0.8,,,2,0.6042583620985977,-2.16554962246568,289
6,0.75,,,2,0.6042583620985977,-2.16554962246568,289
6,0.7,,,2,0.6042583620985977,-2.16554962246568,289
6,0.65,,,2,0.6042583620985977,-2.16554962246568,289
6,0.5,,,2,0.6042583620985977,-2.16554962246568,289
6,0.6,,,2,0.6042583620985977,-2.16554962246568,289
6,0.55,,,2,0.6042583620985977,-2.16554962246568,289
10,0.4,,,2,0.6111484136890343,-2.1723763376609426,161
7,0.4,,,2,0.623316899966996,-2.175701528527676,245
9,0.4,,,2,0.6207143290885332,-2.175732688582327,181
7,0.55,,,2,0.6145051275458333,-2.181868165615965,247
7,0.7,,,2,0.6145051275458333,-2.181868165615965,247
7,0.5,,,2,0.6145051275458333,-2.181868165615965,247
7,0.65,,,2,0.6145051275458333,-2.181868165615965,247
7,0.6,,,2,0.6145051275458333,-2.181868165615965,247
7,0.8,,,2,0.6145051275458333,-2.181868165615965,247
7,0.75,,,2,0.6145051275458333,-2.181868165615965,247
4,0.3,,,2,0.5916938041552862,-2.2126890385864733,445
4,0.35,,,2,0.5916938041552862,-2.2126890385864733,445
7,0.25,,,2,0.6620267493308325,-2.222905794619841,243
9,0.45,,,2,0.6239441193087072,-2.229189900535094,182
2,0.45,,,2,0.5563803917218292,-2.2316713005065454,815
3,0.4,,,2,0.6115505494179414,-2.2448112274691967,580
10,0.3,,,2,0.6014083565404444,-2.285600193073142,160
10,0.35,,,2,0.6014083565404444,-2.285600193073142,160
10,0.8,,,2,0.6311889521946838,-2.2973530018251327,163
10,0.75,,,2,0.6311889521946838,-2.2973530018251327,163
10,0.6,,,2,0.6311889521946838,-2.2973530018251327,163
10,0.65,,,2,0.6311889521946838,-2.2973530018251327,163
10,0.5,,,2,0.6311889521946838,-2.2973530018251327,163
10,0.55,,,2,0.6311889521946838,-2.2973530018251327,163
10,0.7,,,2,0.6311889521946838,-2.2973530018251327,163
2,0.25,,,3,0.5737315447731418,-2.308002031341022,812
9,0.55,,,2,0.5829478346135278,-2.3344149187237018,183
9,0.7,,,2,0.5829478346135278,-2.3344149187237018,183
9,0.75,,,2,0.5829478346135278,-2.3344149187237018,183
9,0.5,,,2,0.5829478346135278,-2.3344149187237018,183
9,0.8,,,2,0.5829478346135278,-2.3344149187237018,183
9,0.65,,,2,0.5829478346135278,-2.3344149187237018,183
9,0.6,,,2,0.5829478346135278,-2.3344149187237018,183
8,0.45,,,2,0.5911212964516119,-2.357603742420753,213
8,0.4,,,2,0.6021757077216379,-2.364528062790101,212
10,0.45,,,2,0.5928235564197294,-2.366518248470139,162
2,0.35,,,2,0.5384001486651262,-2.3694727557526076,813
2,0.3,,,2,0.5384001486651262,-2.3694727557526076,813
4,0.4,,,2,0.5779255511647317,-2.3748534414602425,446
5,0.4,,,2,0.5968666179472013,-2.3823284736953605,350
5,0.25,,,2,0.6156764563917978,-2.3828751328629374,348
9,0.35,,,2,0.5839752357963507,-2.3876736822988214,180
9,0.3,,,2,0.5839752357963507,-2.3876736822988214,180
5,0.65,,,2,0.5952677433810338,-2.387872991987523,352
5,0.6,,,2,0.5952677433810338,-2.387872991987523,352
5,0.5,,,2,0.5952677433810338,-2.387872991987523,352
5,0.55,,,2,0.5952677433810338,-2.387872991987523,352
5,0.8,,,2,0.5952677433810338,-2.387872991987523,352
5,0.75,,,2,0.5952677433810338,-2.387872991987523,352
5,0.7,,,2,0.5952677433810338,-2.387872991987523,352
4,0.45,,,2,0.585428918624546,-2.4061223615995684,447
6,0.45,,,2,0.561047035566234,-2.412104690170192,288
9,0.25,,,2,0.5983632482959775,-2.4531350924703226,179
6,0.75,,,3,0.5837722577464204,-2.522963849957818,289
6,0.7,,,3,0.5837722577464204,-2.522963849957818,289
6,0.5,,,3,0.5837722577464204,-2.522963849957818,289
6,0.6,,,3,0.5837722577464204,-2.522963849957818,289
6,0.55,,,3,0.5837722577464204,-2.522963849957818,289
6,0.65,,,3,0.5837722577464204,-2.522963849957818,289
6,0.8,,,3,0.5837722577464204,-2.522963849957818,289
4,0.25,,,2,0.575310687787528,-2.532921193584632,444
7,0.45,,,3,0.6138242772963,-2.5733946349648757,246
3,0.4,,,3,0.5695136863872025,-2.5768553446864186,580
3,0.25,,,2,0.550596248179753,-2.581784605667622,578
6,0.35,,,2,0.5889184858843186,-2.599060280420211,286
6,0.3,,,2,0.5889184858843186,-2.599060280420211,286
8,0.25,,,2,0.5665430726412765,-2.633723414837073,210
4,0.6,,,2,0.5740394639599864,-2.6482931424445404,448
4,0.65,,,2,0.5740394639599864,-2.6482931424445404,448
4,0.7,,,2,0.5740394639599864,-2.6482931424445404,448
4,0.8,,,2,0.5740394639599864,-2.6482931424445404,448
4,0.75,,,2,0.5740394639599864,-2.6482931424445404,448
4,0.5,,,2,0.5740394639599864,-2.6482931424445404,448
4,0.55,,,2,0.5740394639599864,-2.6482931424445404,448
6,0.25,,,2,0.5668944865766289,-2.654142116852801,285
7,0.6,,,3,0.5931309195767414,-2.7093614126415986,247
7,0.5,,,3,0.5931309195767414,-2.7093614126415986,247
7,0.55,,,3,0.5931309195767414,-2.7093614126415986,247
7,0.65,,,3,0.5931309195767414,-2.7093614126415986,247
7,0.7,,,3,0.5931309195767414,-2.7093614126415986,247
7,0.75,,,3,0.5931309195767414,-2.7093614126415986,247
7,0.8,,,3,0.5931309195767414,-2.7093614126415986,247
2,0.25,,,2,0.5326466889309409,-2.721183857684996,812
8,0.3,,,2,0.5202547537173925,-2.7773328527305843,211
8,0.35,,,2,0.5202547537173925,-2.7773328527305843,211
3,0.35,,,2,0.5355844011962615,-2.7865000838181957,579
3,0.3,,,2,0.5355844011962615,-2.7865000838181957,579
10,0.35,,,3,0.5722135875755487,-2.793735574645568,160
10,0.3,,,3,0.5722135875755487,-2.793735574645568,160
2,0.8,,,3,0.5161189595555996,-2.8182388894379664,816
2,0.7,,,3,0.5161189595555996,-2.8182388894379664,816
2,0.65,,,3,0.5161189595555996,-2.8182388894379664,816
2,0.6,,,3,0.5161189595555996,-2.8182388894379664,816
2,0.55,,,3,0.5161189595555996,-2.8182388894379664,816
2,0.5,,,3,0.5161189595555996,-2.8182388894379664,816
2,0.75,,,3,0.5161189595555996,-2.8182388894379664,816
10,0.25,,,2,0.5728981683285839,-2.864849017919149,159
6,0.25,,,3,0.5868401997269671,-2.8670264222606296,285
4,0.45,,,3,0.5702823069595235,-2.870441925612695,447
6,0.45,,,3,0.5444638606661449,-2.898545228604848,288
5,0.3,,,2,0.5639396807162431,-2.9318421660401044,349
5,0.35,,,2,0.5639396807162431,-2.9318421660401044,349
2,0.45,,,3,0.5132058711643513,-2.9411792629778817,815
9,0.45,,,3,0.5584189378616521,-2.9763111170799044,182
4,0.65,,,3,0.5469458648102355,-2.984169208630647,448
4,0.75,,,3,0.5469458648102355,-2.984169208630647,448
4,0.55,,,3,0.5469458648102355,-2.984169208630647,448
4,0.5,,,3,0.5469458648102355,-2.984169208630647,448
4,0.6,,,3,0.5469458648102355,-2.984169208630647,448
4,0.8,,,3,0.5469458648102355,-2.984169208630647,448
4,0.7,,,3,0.5469458648102355,-2.984169208630647,448
8,0.45,,,3,0.5554608477691622,-3.0216699031346654,213
8,0.7,,,3,0.588048966993795,-3.0258301110269614,214
8,0.75,,,3,0.588048966993795,-3.0258301110269614,214
8,0.8,,,3,0.588048966993795,-3.0258301110269614,214
8,0.6,,,3,0.588048966993795,-3.0258301110269614,214
8,0.55,,,3,0.588048966993795,-3.0258301110269614,214
8,0.5,,,3,0.588048966993795,-3.0258301110269614,214
8,0.65,,,3,0.588048966993795,-3.0258301110269614,214
10,0.6,,,3,0.5270995120313382,-3.111003772207557,163
10,0.55,,,3,0.5270995120313382,-3.111003772207557,163
10,0.65,,,3,0.5270995120313382,-3.111003772207557,163
10,0.7,,,3,0.5270995120313382,-3.111003772207557,163
10,0.75,,,3,0.5270995120313382,-3.111003772207557,163
10,0.5,,,3,0.5270995120313382,-3.111003772207557,163
10,0.8,,,3,0.5270995120313382,-3.111003772207557,163
10,0.4,,,3,0.5623941660498405,-3.147184887278586,161
3,0.55,,,3,0.5153544621132252,-3.1580704538603275,582
3,0.75,,,3,0.5153544621132252,-3.1580704538603275,582
3,0.5,,,3,0.5153544621132252,-3.1580704538603275,582
3,0.65,,,3,0.5153544621132252,-3.1580704538603275,582
3,0.6,,,3,0.5153544621132252,-3.1580704538603275,582
3,0.8,,,3,0.5153544621132252,-3.1580704538603275,582
3,0.7,,,3,0.5153544621132252,-3.1580704538603275,582
9,0.5,,,3,0.5516066562995557,-3.1764419297966366,183
9,0.55,,,3,0.5516066562995557,-3.1764419297966366,183
9,0.6,,,3,0.5516066562995557,-3.1764419297966366,183
9,0.65,,,3,0.5516066562995557,-3.1764419297966366,183
9,0.7,,,3,0.5516066562995557,-3.1764419297966366,183
9,0.75,,,3,0.5516066562995557,-3.1764419297966366,183
9,0.8,,,3,0.5516066562995557,-3.1764419297966366,183
10,0.25,,,3,0.5457455371586637,-3.2487569096705236,159
9,0.4,,,3,0.5168958059194471,-3.259663476232444,181
10,0.45,,,3,0.5552579276793608,-3.2631896143687533,162
7,0.3,,,3,0.5723981176654412,-3.2958015443787008,244
7,0.35,,,3,0.5723981176654412,-3.2958015443787008,244
5,0.45,,,3,0.5420056687129806,-3.328588993430991,351
9,0.3,,,3,0.5178624166458398,-3.361330945176064,180
9,0.35,,,3,0.5178624166458398,-3.361330945176064,180
3,0.25,,,3,0.48866225795229906,-3.445727443844133,578
7,0.25,,,3,0.5357841712463721,-3.493618108587597,243
6,0.4,,,3,0.5022420114333871,-3.512837212288844,287
2,0.35,,,3,0.45402069377104604,-3.587448657223477,813
2,0.3,,,3,0.45402069377104604,-3.587448657223477,813
8,0.4,,,3,0.5244916616461116,-3.5975938557487783,212
4,0.4,,,3,0.5331466337962447,-3.6261141366852043,446
6,0.3,,,3,0.5087785141545278,-3.639588821666654,286
6,0.35,,,3,0.5087785141545278,-3.639588821666654,286
5,0.25,,,3,0.5271819196233082,-3.640732640784579,348
7,0.4,,,3,0.4908381603812786,-3.6541682899927523,245
8,0.25,,,3,0.5185625882754722,-3.688542800839111,210
2,0.4,,,4,0.4702138631625754,-3.750968465390998,814
3,0.35,,,3,0.5165251387536755,-3.772382896944764,579
3,0.3,,,3,0.5165251387536755,-3.772382896944764,579
5,0.35,,,3,0.48038957546502314,-3.8915845032777683,349
5,0.3,,,3,0.48038957546502314,-3.8915845032777683,349
8,0.35,,,3,0.5022499390355155,-3.985638555627904,211
8,0.3,,,3,0.5022499390355155,-3.985638555627904,211
7,0.55,,,4,0.46546683906767916,-3.995236167954343,247
7,0.6,,,4,0.46546683906767916,-3.995236167954343,247
7,0.65,,,4,0.46546683906767916,-3.995236167954343,247
7,0.7,,,4,0.46546683906767916,-3.995236167954343,247
7,0.75,,,4,0.46546683906767916,-3.995236167954343,247
7,0.8,,,4,0.46546683906767916,-3.995236167954343,247
7,0.5,,,4,0.46546683906767916,-3.995236167954343,247
2,0.4,,,3,0.48705422706972207,-4.1334150879903016,814
2,0.35,,,5,0.4763734849035897,-4.157163802940439,813
2,0.3,,,5,0.4763734849035897,-4.157163802940439,813
8,0.25,,,4,0.4814456138162143,-4.189926672344013,210
9,0.25,,,3,0.4439470009154065,-4.253992752164977,179
2,0.25,,,4,0.4910940905948668,-4.27936105017187,812
6,0.45,,,4,0.4762541337412161,-4.352366140036768,288
10,0.4,,,4,0.4441215627875955,-4.543180663205121,161
2,0.3,,,4,0.45377066324419996,-4.548244636354896,813
2,0.35,,,4,0.45377066324419996,-4.548244636354896,813
5,0.35,,,4,0.4602732771341814,-4.584575914230722,349
5,0.3,,,4,0.4602732771341814,-4.584575914230722,349
4,0.45,,,4,0.4844115968548529,-4.633259131812709,447
9,0.4,,,4,0.4071905592561402,-4.635057072955199,181
5,0.4,,,3,0.4933533354446035,-4.641827085281636,350
7,0.25,,,4,0.44565456186410723,-4.673934136365862,243
7,0.4,,,4,0.4686960806698749,-4.862781612229249,245
2,0.4,,,5,0.4175291541713387,-4.911425507874507,814
4,0.35,,,3,0.5136787040682388,-4.935061697175311,445
4,0.3,,,3,0.5136787040682388,-4.935061697175311,445
4,0.25,,,4,0.4706613634403065,-4.95461489991934,444
9,0.8,,,5,0.45893484205042745,-4.967539805612987,183
9,0.75,,,5,0.45893484205042745,-4.967539805612987,183
9,0.7,,,5,0.45893484205042745,-4.967539805612987,183
9,0.55,,,5,0.45893484205042745,-4.967539805612987,183
9,0.5,,,5,0.45893484205042745,-4.967539805612987,183
9,0.6,,,5,0.45893484205042745,-4.967539805612987,183
9,0.65,,,5,0.45893484205042745,-4.967539805612987,183
4,0.35,,,4,0.44722165140085873,-4.973238500382759,445
4,0.3,,,4,0.44722165140085873,-4.973238500382759,445
9,0.6,,,4,0.5120426789216095,-4.9817015814065355,183
9,0.5,,,4,0.5120426789216095,-4.9817015814065355,183
9,0.7,,,4,0.5120426789216095,-4.9817015814065355,183
9,0.55,,,4,0.5120426789216095,-4.9817015814065355,183
9,0.8,,,4,0.5120426789216095,-4.9817015814065355,183
9,0.65,,,4,0.5120426789216095,-4.9817015814065355,183
9,0.75,,,4,0.5120426789216095,-4.9817015814065355,183
9,0.45,,,4,0.48789223102153506,-5.024556674891768,182
3,0.45,,,5,0.4549672818330553,-5.030989982015515,581
7,0.45,,,4,0.45570652408830126,-5.073348041940749,246
7,0.35,,,4,0.43580471173071644,-5.1253568535926926,244
7,0.3,,,4,0.43580471173071644,-5.1253568535926926,244
3,0.4,,,4,0.4484527162444627,-5.12618052789484,580
4,0.7,,,4,0.4578343533094784,-5.161253669267426,448
4,0.55,,,4,0.4578343533094784,-5.161253669267426,448
4,0.6,,,4,0.4578343533094784,-5.161253669267426,448
4,0.8,,,4,0.4578343533094784,-5.161253669267426,448
4,0.5,,,4,0.4578343533094784,-5.161253669267426,448
4,0.75,,,4,0.4578343533094784,-5.161253669267426,448
4,0.65,,,4,0.4578343533094784,-5.161253669267426,448
4,0.25,,,3,0.4243400776732897,-5.275249878111386,444
10,0.35,,,4,0.44287232225271267,-5.281764660958724,160
10,0.3,,,4,0.44287232225271267,-5.281764660958724,160
4,0.4,,,4,0.47451299324492063,-5.2821521868054475,446
6,0.35,,,4,0.44300235218308603,-5.333094092573052,286
6,0.3,,,4,0.44300235218308603,-5.333094092573052,286
9,0.4,,,5,0.4248683286089216,-5.440676100267477,181
3,0.45,,,3,0.49431520079755026,-5.4432354546431725,581
4,0.45,,,5,0.43341621044366735,-5.463581811242812,447
6,0.65,,,4,0.4322594027496175,-5.494838117513586,289
6,0.8,,,4,0.4322594027496175,-5.494838117513586,289
6,0.5,,,4,0.4322594027496175,-5.494838117513586,289
6,0.75,,,4,0.4322594027496175,-5.494838117513586,289
6,0.55,,,4,0.4322594027496175,-5.494838117513586,289
6,0.7,,,4,0.4322594027496175,-5.494838117513586,289
6,0.6,,,4,0.4322594027496175,-5.494838117513586,289
5,0.35,,,5,0.4460774203473317,-5.541475495979596,349
5,0.3,,,5,0.4460774203473317,-5.541475495979596,349
10,0.4,,,5,0.43198867879395736,-5.62147004338852,161
9,0.25,,,4,0.4368578037132469,-5.635350985532222,179
9,0.3,,,4,0.4269131814671,-5.6384102862400525,180
9,0.35,,,4,0.4269131814671,-5.6384102862400525,180
3,0.3,,,4,0.4606070783169629,-5.656593785693078,579
3,0.35,,,4,0.4606070783169629,-5.656593785693078,579
3,0.35,,,5,0.3983621342448648,-5.659327239705037,579
3,0.3,,,5,0.3983621342448648,-5.659327239705037,579
2,0.45,,,4,0.4062786079177778,-5.685517621780119,815
3,0.6,,,4,0.4561633433873193,-5.776283091121859,582
3,0.8,,,4,0.4561633433873193,-5.776283091121859,582
3,0.5,,,4,0.4561633433873193,-5.776283091121859,582
3,0.75,,,4,0.4561633433873193,-5.776283091121859,582
3,0.65,,,4,0.4561633433873193,-5.776283091121859,582
3,0.55,,,4,0.4561633433873193,-5.776283091121859,582
3,0.7,,,4,0.4561633433873193,-5.776283091121859,582
10,0.8,,,5,0.4417869171642371,-5.805574328712162,163
10,0.75,,,5,0.4417869171642371,-5.805574328712162,163
10,0.6,,,5,0.4417869171642371,-5.805574328712162,163
10,0.65,,,5,0.4417869171642371,-5.805574328712162,163
10,0.5,,,5,0.4417869171642371,-5.805574328712162,163
10,0.55,,,5,0.4417869171642371,-5.805574328712162,163
10,0.7,,,5,0.4417869171642371,-5.805574328712162,163
10,0.25,,,5,0.4277816349819178,-5.844655582838278,159
10,0.25,,,4,0.45804662548914954,-5.938706999905358,159
4,0.4,,,5,0.4359754076694514,-5.943174439805581,446
10,0.8,,,8,0.43243868560254917,-5.951789015620297,163
10,0.5,,,8,0.43243868560254917,-5.951789015620297,163
10,0.65,,,8,0.43243868560254917,-5.951789015620297,163
10,0.55,,,8,0.43243868560254917,-5.951789015620297,163
10,0.75,,,8,0.43243868560254917,-5.951789015620297,163
10,0.6,,,8,0.43243868560254917,-5.951789015620297,163
10,0.7,,,8,0.43243868560254917,-5.951789015620297,163
5,0.45,,,4,0.39684975821690494,-5.964521266885816,351
7,0.8,,,6,0.3989265667560389,-5.994577045728579,247
7,0.65,,,6,0.3989265667560389,-5.994577045728579,247
7,0.7,,,6,0.3989265667560389,-5.994577045728579,247
7,0.5,,,6,0.3989265667560389,-5.994577045728579,247
7,0.6,,,6,0.3989265667560389,-5.994577045728579,247
7,0.75,,,6,0.3989265667560389,-5.994577045728579,247
7,0.55,,,6,0.3989265667560389,-5.994577045728579,247
10,0.8,,,4,0.4083784073564439,-6.0062877501074,163
10,0.5,,,4,0.4083784073564439,-6.0062877501074,163
10,0.7,,,4,0.4083784073564439,-6.0062877501074,163
10,0.75,,,4,0.4083784073564439,-6.0062877501074,163
10,0.6,,,4,0.4083784073564439,-6.0062877501074,163
10,0.55,,,4,0.4083784073564439,-6.0062877501074,163
10,0.65,,,4,0.4083784073564439,-6.0062877501074,163
10,0.35,,,5,0.43356514126517265,-6.01412494836553,160
10,0.3,,,5,0.43356514126517265,-6.01412494836553,160
6,0.45,,,5,0.4179177986521691,-6.044032489710554,288
10,0.45,,,4,0.41718018494645215,-6.052019903991142,162
8,0.45,,,5,0.4064517023373746,-6.083417638671564,213
2,0.25,,,5,0.386466217490351,-6.094005464977608,812
9,0.45,,,6,0.3964723103574619,-6.102355070861038,182
6,0.4,,,4,0.5026523135824759,-6.119410113332658,287
8,0.45,,,4,0.43141715453331575,-6.121351100302773,213
8,0.35,,,4,0.4654793904731084,-6.121393408622275,211
8,0.3,,,4,0.4654793904731084,-6.121393408622275,211
9,0.25,,,5,0.4560386032630623,-6.126157051479327,179
2,0.8,,,4,0.379000472116549,-6.141621634242718,816
2,0.7,,,4,0.379000472116549,-6.141621634242718,816
2,0.55,,,4,0.379000472116549,-6.141621634242718,816
2,0.75,,,4,0.379000472116549,-6.141621634242718,816
2,0.5,,,4,0.379000472116549,-6.141621634242718,816
2,0.65,,,4,0.379000472116549,-6.141621634242718,816
2,0.6,,,4,0.379000472116549,-6.141621634242718,816
5,0.75,,,3,0.47299882087050565,-6.149760648958185,352
5,0.5,,,3,0.47299882087050565,-6.149760648958185,352
5,0.6,,,3,0.47299882087050565,-6.149760648958185,352
5,0.7,,,3,0.47299882087050565,-6.149760648958185,352
5,0.55,,,3,0.47299882087050565,-6.149760648958185,352
5,0.8,,,3,0.47299882087050565,-6.149760648958185,352
5,0.65,,,3,0.47299882087050565,-6.149760648958185,352
3,0.25,,,4,0.4251636287055079,-6.257766528959005,578
8,0.4,,,5,0.44613664202117176,-6.279752992531952,212
5,0.45,,,5,0.44136985013398544,-6.288646300698151,351
8,0.25,,,6,0.4274752994355333,-6.362817524591077,210
8,0.6,,,4,0.40624460388099226,-6.36992210261898,214
8,0.65,,,4,0.40624460388099226,-6.36992210261898,214
8,0.75,,,4,0.40624460388099226,-6.36992210261898,214
8,0.8,,,4,0.40624460388099226,-6.36992210261898,214
8,0.55,,,4,0.40624460388099226,-6.36992210261898,214
8,0.5,,,4,0.40624460388099226,-6.36992210261898,214
8,0.7,,,4,0.40624460388099226,-6.36992210261898,214
7,0.3,,,5,0.3965766112445056,-6.389419114419178,244
7,0.35,,,5,0.3965766112445056,-6.389419114419178,244
9,0.45,,,5,0.4497830604472524,-6.412920247153437,182
8,0.4,,,4,0.4698942958004841,-6.4504715681277265,212
3,0.4,,,5,0.4315470917857224,-6.459697852957572,580
7,0.55,,,7,0.3897681335874314,-6.535730361098908,247
7,0.8,,,7,0.3897681335874314,-6.535730361098908,247
7,0.5,,,7,0.3897681335874314,-6.535730361098908,247
7,0.65,,,7,0.3897681335874314,-6.535730361098908,247
7,0.7,,,7,0.3897681335874314,-6.535730361098908,247
7,0.75,,,7,0.3897681335874314,-6.535730361098908,247
7,0.6,,,7,0.3897681335874314,-6.535730361098908,247
2,0.3,,,6,0.4394678084410743,-6.550740853217107,813
2,0.35,,,6,0.4394678084410743,-6.550740853217107,813
7,0.45,,,5,0.40119670140143293,-6.55555892125895,246
6,0.45,,,6,0.4181226840974803,-6.564408680343308,288
5,0.25,,,4,0.44723358665722346,-6.576209748298981,348
2,0.25,,,6,0.4050738196481558,-6.626912264290546,812
4,0.45,,,6,0.40950619520002873,-6.633991462530627,447
2,0.45,,,5,0.4129263522628195,-6.6388725440183,815
10,0.75,,,7,0.383517296887457,-6.655669678297906,163
10,0.6,,,7,0.383517296887457,-6.655669678297906,163
10,0.55,,,7,0.383517296887457,-6.655669678297906,163
10,0.5,,,7,0.383517296887457,-6.655669678297906,163
10,0.65,,,7,0.383517296887457,-6.655669678297906,163
10,0.7,,,7,0.383517296887457,-6.655669678297906,163
10,0.8,,,7,0.383517296887457,-6.655669678297906,163
2,0.6,,,5,0.4075125759233855,-6.673873285380995,816
2,0.75,,,5,0.4075125759233855,-6.673873285380995,816
2,0.8,,,5,0.4075125759233855,-6.673873285380995,816
2,0.5,,,5,0.4075125759233855,-6.673873285380995,816
2,0.55,,,5,0.4075125759233855,-6.673873285380995,816
2,0.7,,,5,0.4075125759233855,-6.673873285380995,816
2,0.65,,,5,0.4075125759233855,-6.673873285380995,816
3,0.3,,,6,0.44756027217626565,-6.690726317505164,579
3,0.35,,,6,0.44756027217626565,-6.690726317505164,579
8,0.35,,,5,0.403346008091045,-6.712528585132048,211
8,0.3,,,5,0.403346008091045,-6.712528585132048,211
6,0.4,,,5,0.47158256387350717,-6.7140264751187235,287
10,0.45,,,6,0.40482429497633055,-6.733462916917689,162
5,0.4,,,4,0.4522515602671019,-6.740920849202601,350
8,0.45,,,8,0.4150657904175836,-6.752174345684235,213
7,0.7,,,5,0.45404151227986833,-6.7645916768758365,247
7,0.65,,,5,0.45404151227986833,-6.7645916768758365,247
7,0.6,,,5,0.45404151227986833,-6.7645916768758365,247
7,0.75,,,5,0.45404151227986833,-6.7645916768758365,247
7,0.55,,,5,0.45404151227986833,-6.7645916768758365,247
7,0.8,,,5,0.45404151227986833,-6.7645916768758365,247
7,0.5,,,5,0.45404151227986833,-6.7645916768758365,247
10,0.25,,,6,0.3936788847441152,-6.777005529741121,159
9,0.25,,,6,0.4109828672142874,-6.821037889792401,179
9,0.3,,,5,0.40413069668273127,-6.828925843702561,180
9,0.35,,,5,0.40413069668273127,-6.828925843702561,180
8,0.4,,,6,0.3835293814194696,-6.853764855449356,212
9,0.5,,,6,0.43973691862375586,-6.872717286364228,183
9,0.6,,,6,0.43973691862375586,-6.872717286364228,183
9,0.55,,,6,0.43973691862375586,-6.872717286364228,183
9,0.65,,,6,0.43973691862375586,-6.872717286364228,183
9,0.7,,,6,0.43973691862375586,-6.872717286364228,183
9,0.75,,,6,0.43973691862375586,-6.872717286364228,183
9,0.8,,,6,0.43973691862375586,-6.872717286364228,183
10,0.6,,,10,0.36907185891365873,-6.879646689230415,163
10,0.5,,,10,0.36907185891365873,-6.879646689230415,163
10,0.55,,,10,0.36907185891365873,-6.879646689230415,163
10,0.65,,,10,0.36907185891365873,-6.879646689230415,163
10,0.7,,,10,0.36907185891365873,-6.879646689230415,163
10,0.75,,,10,0.36907185891365873,-6.879646689230415,163
10,0.8,,,10,0.36907185891365873,-6.879646689230415,163
10,0.35,,,6,0.37796097781872057,-6.882252076250837,160
10,0.3,,,6,0.37796097781872057,-6.882252076250837,160
6,0.35,,,5,0.4141283572378893,-6.896297690871236,286
6,0.3,,,5,0.4141283572378893,-6.896297690871236,286
10,0.75,,,9,0.4126272360681727,-6.904827958116805,163
10,0.6,,,9,0.4126272360681727,-6.904827958116805,163
10,0.55,,,9,0.4126272360681727,-6.904827958116805,163
10,0.7,,,9,0.4126272360681727,-6.904827958116805,163
10,0.65,,,9,0.4126272360681727,-6.904827958116805,163
10,0.5,,,9,0.4126272360681727,-6.904827958116805,163
10,0.8,,,9,0.4126272360681727,-6.904827958116805,163
4,0.3,,,5,0.41993479086426777,-6.913833225683781,445
4,0.35,,,5,0.41993479086426777,-6.913833225683781,445
8,0.25,,,5,0.4206099695041308,-6.917719609852831,210
10,0.25,,,7,0.39672794946739903,-6.996953802269762,159
6,0.45,,,7,0.4168783519306853,-7.066203428315747,288
9,0.4,,,6,0.41015719764723785,-7.067846183360538,181
3,0.4,,,6,0.41356656620983734,-7.0760847314109805,580
10,0.45,,,9,0.38848507179144054,-7.077678274770049,162
10,0.3,,,7,0.3737747910029704,-7.081524253075704,160
10,0.35,,,7,0.3737747910029704,-7.081524253075704,160
8,0.3,,,7,0.3693186194438386,-7.086070660427208,211
8,0.35,,,7,0.3693186194438386,-7.086070660427208,211
3,0.25,,,5,0.4341923668260166,-7.090249383282559,578
9,0.45,,,7,0.3731859792121887,-7.094053803265071,182
8,0.3,,,6,0.4082162990837057,-7.116623451887762,211
8,0.35,,,6,0.4082162990837057,-7.116623451887762,211
10,0.35,,,8,0.37565180796361786,-7.118351101042765,160
10,0.3,,,8,0.37565180796361786,-7.118351101042765,160
7,0.25,,,5,0.3987521321804615,-7.122758114073237,243
5,0.25,,,5,0.40289818898358176,-7.127082429024014,348
7,0.8,,,8,0.3868632654661692,-7.164738880621558,247
7,0.7,,,8,0.3868632654661692,-7.164738880621558,247
7,0.75,,,8,0.3868632654661692,-7.164738880621558,247
7,0.6,,,8,0.3868632654661692,-7.164738880621558,247
7,0.65,,,8,0.3868632654661692,-7.164738880621558,247
7,0.55,,,8,0.3868632654661692,-7.164738880621558,247
7,0.5,,,8,0.3868632654661692,-7.164738880621558,247
3,0.75,,,5,0.44760828646955797,-7.18324242337267,582
3,0.8,,,5,0.44760828646955797,-7.18324242337267,582
3,0.55,,,5,0.44760828646955797,-7.18324242337267,582
3,0.7,,,5,0.44760828646955797,-7.18324242337267,582
3,0.65,,,5,0.44760828646955797,-7.18324242337267,582
3,0.6,,,5,0.44760828646955797,-7.18324242337267,582
3,0.5,,,5,0.44760828646955797,-7.18324242337267,582
4,0.65,,,5,0.4402308096851638,-7.234505760873674,448
4,0.6,,,5,0.4402308096851638,-7.234505760873674,448
4,0.55,,,5,0.4402308096851638,-7.234505760873674,448
4,0.5,,,5,0.4402308096851638,-7.234505760873674,448
4,0.7,,,5,0.4402308096851638,-7.234505760873674,448
4,0.75,,,5,0.4402308096851638,-7.234505760873674,448
4,0.8,,,5,0.4402308096851638,-7.234505760873674,448
10,0.25,,,8,0.3711240026546857,-7.252866435648452,159
8,0.45,,,6,0.3923522602007367,-7.27983212004776,213
9,0.4,,,7,0.3772983668120538,-7.296246115685522,181
10,0.3,,,9,0.38373122608684096,-7.314451108097534,160
10,0.35,,,9,0.38373122608684096,-7.314451108097534,160
10,0.45,,,8,0.35301853777993975,-7.324700004430067,162
9,0.35,,,6,0.40179552987604045,-7.375128938257536,180
9,0.3,,,6,0.40179552987604045,-7.375128938257536,180
4,0.3,,,6,0.379608450752089,-7.380594607708669,445
4,0.35,,,6,0.379608450752089,-7.380594607708669,445
6,0.55,,,5,0.44695162373395253,-7.383918042597398,289
6,0.65,,,5,0.44695162373395253,-7.383918042597398,289
6,0.7,,,5,0.44695162373395253,-7.383918042597398,289
6,0.8,,,5,0.44695162373395253,-7.383918042597398,289
6,0.75,,,5,0.44695162373395253,-7.383918042597398,289
6,0.6,,,5,0.44695162373395253,-7.383918042597398,289
6,0.5,,,5,0.44695162373395253,-7.383918042597398,289
6,0.25,,,4,0.4128307593724416,-7.4064010396235505,285
10,0.4,,,6,0.3624110468347351,-7.40730662169278,161
10,0.45,,,5,0.41968746779953525,-7.407422364598796,162
10,0.45,,,7,0.36091146151309333,-7.43157169704702,162
7,0.35,,,6,0.39521624544256745,-7.442003986966944,244
7,0.3,,,6,0.39521624544256745,-7.442003986966944,244
7,0.4,,,6,0.39608325189290766,-7.449484044633121,245
9,0.4,,,10,0.35896758395108075,-7.459681154730393,181
6,0.25,,,5,0.40693829877778953,-7.461930344794061,285
9,0.25,,,8,0.3815812610565924,-7.462562575661465,179
7,0.4,,,5,0.41046728707928193,-7.4660252683099895,245
10,0.5,,,6,0.4015214098465083,-7.470679333694815,163
10,0.6,,,6,0.4015214098465083,-7.470679333694815,163
10,0.55,,,6,0.4015214098465083,-7.470679333694815,163
10,0.75,,,6,0.4015214098465083,-7.470679333694815,163
10,0.7,,,6,0.4015214098465083,-7.470679333694815,163
10,0.8,,,6,0.4015214098465083,-7.470679333694815,163
10,0.65,,,6,0.4015214098465083,-7.470679333694815,163
4,0.4,,,6,0.4032541699490418,-7.476651354570076,446
8,0.6,,,6,0.4056835478743967,-7.493400350260508,214
8,0.55,,,6,0.4056835478743967,-7.493400350260508,214
8,0.75,,,6,0.4056835478743967,-7.493400350260508,214
8,0.65,,,6,0.4056835478743967,-7.493400350260508,214
8,0.8,,,6,0.4056835478743967,-7.493400350260508,214
8,0.5,,,6,0.4056835478743967,-7.493400350260508,214
8,0.7,,,6,0.4056835478743967,-7.493400350260508,214
5,0.25,,,6,0.47642022265644185,-7.525284142420694,348
10,0.3,,,10,0.3841973294134946,-7.52905477607918,160
10,0.35,,,10,0.3841973294134946,-7.52905477607918,160
10,0.45,,,10,0.36809987049403187,-7.53621201355989,162
6,0.25,,,6,0.42879502220890015,-7.554606237000351,285
9,0.5,,,7,0.36508555196871156,-7.556960695820409,183
9,0.55,,,7,0.36508555196871156,-7.556960695820409,183
9,0.8,,,7,0.36508555196871156,-7.556960695820409,183
9,0.6,,,7,0.36508555196871156,-7.556960695820409,183
9,0.75,,,7,0.36508555196871156,-7.556960695820409,183
9,0.65,,,7,0.36508555196871156,-7.556960695820409,183
9,0.7,,,7,0.36508555196871156,-7.556960695820409,183
5,0.4,,,5,0.4288934831410714,-7.557561909033176,350
9,0.4,,,8,0.37614329448790107,-7.575690033725067,181
9,0.25,,,7,0.35637949554239595,-7.588150227052986,179
10,0.4,,,8,0.3398124524691905,-7.60993479553723,161
2,0.3,,,7,0.34622483353851435,-7.619652295339784,813
2,0.35,,,7,0.34622483353851435,-7.619652295339784,813
7,0.25,,,7,0.40460523521181296,-7.698719780941382,243
10,0.4,,,10,0.3316023640659961,-7.708484204892469,161
8,0.25,,,8,0.3584864762146228,-7.715248446971433,210
9,0.8,,,8,0.3880706775365609,-7.720735220091704,183
9,0.5,,,8,0.3880706775365609,-7.720735220091704,183
9,0.6,,,8,0.3880706775365609,-7.720735220091704,183
9,0.7,,,8,0.3880706775365609,-7.720735220091704,183
9,0.55,,,8,0.3880706775365609,-7.720735220091704,183
9,0.75,,,8,0.3880706775365609,-7.720735220091704,183
9,0.65,,,8,0.3880706775365609,-7.720735220091704,183
8,0.8,,,7,0.3937238816496017,-7.731712459548467,214
8,0.6,,,7,0.3937238816496017,-7.731712459548467,214
8,0.55,,,7,0.3937238816496017,-7.731712459548467,214
8,0.5,,,7,0.3937238816496017,-7.731712459548467,214
8,0.7,,,7,0.3937238816496017,-7.731712459548467,214
8,0.75,,,7,0.3937238816496017,-7.731712459548467,214
8,0.65,,,7,0.3937238816496017,-7.731712459548467,214
5,0.35,,,6,0.43162893691604776,-7.75852289194333,349
5,0.3,,,6,0.43162893691604776,-7.75852289194333,349
8,0.4,,,9,0.3498981066611525,-7.768565449632809,212
7,0.25,,,6,0.42107012384307624,-7.770843515083773,243
6,0.35,,,7,0.37267079387736474,-7.784218352355287,286
6,0.3,,,7,0.37267079387736474,-7.784218352355287,286
10,0.4,,,9,0.36931662026287587,-7.784629470428919,161
8,0.6,,,5,0.41679289317425006,-7.799950953792672,214
8,0.5,,,5,0.41679289317425006,-7.799950953792672,214
8,0.65,,,5,0.41679289317425006,-7.799950953792672,214
8,0.7,,,5,0.41679289317425006,-7.799950953792672,214
8,0.55,,,5,0.41679289317425006,-7.799950953792672,214
8,0.75,,,5,0.41679289317425006,-7.799950953792672,214
8,0.8,,,5,0.41679289317425006,-7.799950953792672,214
4,0.35,,,7,0.40738822514016293,-7.801364371132079,445
4,0.3,,,7,0.40738822514016293,-7.801364371132079,445
10,0.25,,,9,0.40176279573536167,-7.803555646024851,159
10,0.25,,,10,0.3775060341044259,-7.8679057591236115,159
7,0.35,,,7,0.4079047081212041,-7.86854300889879,244
7,0.3,,,7,0.4079047081212041,-7.86854300889879,244
9,0.25,,,9,0.34481091635109884,-7.872469071295394,179
10,0.4,,,7,0.37108639602517574,-7.878567353616786,161
7,0.4,,,7,0.41990949943099615,-7.882222071020442,245
3,0.45,,,4,0.419602382831046,-7.884921831756154,581
8,0.5,,,8,0.3885483171695388,-7.888983502937043,214
8,0.55,,,8,0.3885483171695388,-7.888983502937043,214
8,0.6,,,8,0.3885483171695388,-7.888983502937043,214
8,0.8,,,8,0.3885483171695388,-7.888983502937043,214
8,0.65,,,8,0.3885483171695388,-7.888983502937043,214
8,0.7,,,8,0.3885483171695388,-7.888983502937043,214
8,0.75,,,8,0.3885483171695388,-7.888983502937043,214
9,0.75,,,10,0.37322681439506644,-7.907248490739231,183
9,0.65,,,10,0.37322681439506644,-7.907248490739231,183
9,0.55,,,10,0.37322681439506644,-7.907248490739231,183
9,0.5,,,10,0.37322681439506644,-7.907248490739231,183
9,0.7,,,10,0.37322681439506644,-7.907248490739231,183
9,0.6,,,10,0.37322681439506644,-7.907248490739231,183
9,0.8,,,10,0.37322681439506644,-7.907248490739231,183
5,0.25,,,7,0.37211661722618317,-7.9613109932329085,348
5,0.65,,,5,0.389260315128837,-7.9751103040520945,352
5,0.5,,,5,0.389260315128837,-7.9751103040520945,352
5,0.55,,,5,0.389260315128837,-7.9751103040520945,352
5,0.75,,,5,0.389260315128837,-7.9751103040520945,352
5,0.6,,,5,0.389260315128837,-7.9751103040520945,352
5,0.8,,,5,0.389260315128837,-7.9751103040520945,352
5,0.7,,,5,0.389260315128837,-7.9751103040520945,352
8,0.45,,,7,0.3670929851216037,-7.990542132096288,213
6,0.45,,,8,0.3916280299738591,-7.990588236112156,288
8,0.25,,,7,0.40668332862470624,-8.015756933343793,210
6,0.35,,,8,0.3756180166267118,-8.058180958076786,286
6,0.3,,,8,0.3756180166267118,-8.058180958076786,286
5,0.45,,,7,0.3878230134823829,-8.064034688528606,351
8,0.35,,,10,0.35669973758502743,-8.091286080371887,211
8,0.3,,,10,0.35669973758502743,-8.091286080371887,211
9,0.35,,,7,0.39402875523125197,-8.096397297985515,180
9,0.3,,,7,0.39402875523125197,-8.096397297985515,180
7,0.45,,,7,0.39389579161707317,-8.12335318469048,246
8,0.4,,,7,0.40138463232295496,-8.130966483375037,212
6,0.35,,,6,0.4048925226403557,-8.132096469906447,286
6,0.3,,,6,0.4048925226403557,-8.132096469906447,286
7,0.4,,,8,0.431405555143505,-8.137112651167964,245
2,0.4,,,6,0.43977207097900545,-8.1676681952641,814
9,0.4,,,9,0.35457659493576005,-8.170985914305907,181
7,0.5,,,9,0.40353073275221724,-8.211644116038395,247
7,0.7,,,9,0.40353073275221724,-8.211644116038395,247
7,0.6,,,9,0.40353073275221724,-8.211644116038395,247
7,0.55,,,9,0.40353073275221724,-8.211644116038395,247
7,0.65,,,9,0.40353073275221724,-8.211644116038395,247
7,0.8,,,9,0.40353073275221724,-8.211644116038395,247
7,0.75,,,9,0.40353073275221724,-8.211644116038395,247
9,0.45,,,9,0.3580020693523537,-8.233751498837128,182
9,0.45,,,8,0.3784117653199043,-8.236379284405146,182
6,0.25,,,7,0.36505250885504753,-8.261260832706242,285
7,0.45,,,6,0.4157696339605557,-8.267482225668962,246
3,0.25,,,6,0.3894648103439098,-8.278296894038718,578
4,0.4,,,8,0.3845465105550069,-8.30977111647298,446
8,0.55,,,10,0.39568391566363853,-8.334636943879607,214
8,0.65,,,10,0.39568391566363853,-8.334636943879607,214
8,0.7,,,10,0.39568391566363853,-8.334636943879607,214
8,0.75,,,10,0.39568391566363853,-8.334636943879607,214
8,0.8,,,10,0.39568391566363853,-8.334636943879607,214
8,0.6,,,10,0.39568391566363853,-8.334636943879607,214
8,0.5,,,10,0.39568391566363853,-8.334636943879607,214
4,0.4,,,7,0.37232791513363833,-8.339251028401065,446
3,0.45,,,6,0.42443185994696936,-8.362611333903628,581
8,0.4,,,10,0.38262145774168926,-8.362844441864928,212
4,0.45,,,7,0.4099279729711551,-8.389232855149926,447
8,0.45,,,10,0.3736554952570409,-8.414986457107082,213
8,0.35,,,9,0.3580913230757897,-8.421962216293519,211
8,0.3,,,9,0.3580913230757897,-8.421962216293519,211
6,0.4,,,7,0.415418036965787,-8.422721344141118,287
9,0.3,,,8,0.373367715229702,-8.424443527195567,180
9,0.35,,,8,0.373367715229702,-8.424443527195567,180
7,0.3,,,8,0.36925247971516495,-8.43071807856032,244
7,0.35,,,8,0.36925247971516495,-8.43071807856032,244
9,0.25,,,10,0.35211836852258993,-8.445674472410742,179
4,0.25,,,5,0.42736081190239456,-8.447564077421381,444
6,0.4,,,6,0.3914878654460923,-8.449753646782737,287
3,0.4,,,9,0.367338823527928,-8.453373857082338,580
9,0.35,,,9,0.3815611733387173,-8.47125234467591,180
9,0.3,,,9,0.3815611733387173,-8.47125234467591,180
9,0.3,,,10,0.37436237959247887,-8.473970288151992,180
9,0.35,,,10,0.37436237959247887,-8.473970288151992,180
2,0.3,,,8,0.39326622609931805,-8.474797407187157,813
2,0.35,,,8,0.39326622609931805,-8.474797407187157,813
4,0.25,,,8,0.3834837487137612,-8.478265932416248,444
6,0.45,,,9,0.3592037624995204,-8.4842217161303,288
9,0.7,,,9,0.36426134126903076,-8.505658964095556,183
9,0.65,,,9,0.36426134126903076,-8.505658964095556,183
9,0.6,,,9,0.36426134126903076,-8.505658964095556,183
9,0.75,,,9,0.36426134126903076,-8.505658964095556,183
9,0.8,,,9,0.36426134126903076,-8.505658964095556,183
9,0.55,,,9,0.36426134126903076,-8.505658964095556,183
9,0.5,,,9,0.36426134126903076,-8.505658964095556,183
4,0.75,,,6,0.46864686590056,-8.51204096549389,448
4,0.8,,,6,0.46864686590056,-8.51204096549389,448
4,0.5,,,6,0.46864686590056,-8.51204096549389,448
4,0.6,,,6,0.46864686590056,-8.51204096549389,448
4,0.55,,,6,0.46864686590056,-8.51204096549389,448
4,0.65,,,6,0.46864686590056,-8.51204096549389,448
4,0.7,,,6,0.46864686590056,-8.51204096549389,448
5,0.45,,,6,0.3915996652699582,-8.554448318736055,351
5,0.25,,,8,0.4307021205778161,-8.563065524074522,348
7,0.45,,,10,0.392121509737294,-8.58482463154827,246
9,0.45,,,10,0.3720896897009391,-8.628043819494284,182
2,0.25,,,7,0.4069757515839726,-8.631825515633244,812
3,0.4,,,7,0.4080956048544028,-8.693993344870233,580
8,0.35,,,8,0.34826583667891964,-8.696685455902049,211
8,0.3,,,8,0.34826583667891964,-8.696685455902049,211
7,0.45,,,9,0.3793621530233383,-8.724008830819043,246
6,0.8,,,6,0.3976191482589557,-8.724496137745819,289
6,0.7,,,6,0.3976191482589557,-8.724496137745819,289
6,0.5,,,6,0.3976191482589557,-8.724496137745819,289
6,0.75,,,6,0.3976191482589557,-8.724496137745819,289
6,0.65,,,6,0.3976191482589557,-8.724496137745819,289
6,0.55,,,6,0.3976191482589557,-8.724496137745819,289
6,0.6,,,6,0.3976191482589557,-8.724496137745819,289
5,0.45,,,8,0.38596576357193746,-8.728673685385353,351
4,0.25,,,6,0.43286493927276454,-8.743385650772192,444
8,0.25,,,10,0.3588421546420664,-8.743941131054257,210
7,0.25,,,10,0.3656966673838125,-8.765393546969822,243
7,0.25,,,9,0.37086265117926653,-8.77563013390732,243
3,0.3,,,8,0.3844352200279866,-8.79367186817094,579
3,0.35,,,8,0.3844352200279866,-8.79367186817094,579
3,0.35,,,7,0.4243794424115697,-8.803566472555808,579
3,0.3,,,7,0.4243794424115697,-8.803566472555808,579
3,0.4,,,8,0.38519068240559634,-8.809379642434754,580
7,0.25,,,8,0.3916718202972156,-8.847782285538587,243
7,0.45,,,8,0.3911793472224654,-8.868009082508511,246
8,0.75,,,9,0.3886196183661458,-8.882457331434265,214
8,0.8,,,9,0.3886196183661458,-8.882457331434265,214
8,0.65,,,9,0.3886196183661458,-8.882457331434265,214
8,0.7,,,9,0.3886196183661458,-8.882457331434265,214
8,0.6,,,9,0.3886196183661458,-8.882457331434265,214
8,0.55,,,9,0.3886196183661458,-8.882457331434265,214
8,0.5,,,9,0.3886196183661458,-8.882457331434265,214
4,0.45,,,9,0.3603333077840603,-8.949739554339244,447
2,0.4,,,10,0.37998561335881453,-8.964226087732836,814
4,0.7,,,7,0.4203284135990734,-8.969380852961635,448
4,0.55,,,7,0.4203284135990734,-8.969380852961635,448
4,0.75,,,7,0.4203284135990734,-8.969380852961635,448
4,0.6,,,7,0.4203284135990734,-8.969380852961635,448
4,0.5,,,7,0.4203284135990734,-8.969380852961635,448
4,0.8,,,7,0.4203284135990734,-8.969380852961635,448
4,0.65,,,7,0.4203284135990734,-8.969380852961635,448
6,0.55,,,7,0.3977933717913339,-9.001777923669339,289
6,0.6,,,7,0.3977933717913339,-9.001777923669339,289
6,0.65,,,7,0.3977933717913339,-9.001777923669339,289
6,0.7,,,7,0.3977933717913339,-9.001777923669339,289
6,0.8,,,7,0.3977933717913339,-9.001777923669339,289
6,0.75,,,7,0.3977933717913339,-9.001777923669339,289
6,0.5,,,7,0.3977933717913339,-9.001777923669339,289
5,0.55,,,4,0.4407944313220798,-9.01433762907709,352
5,0.8,,,4,0.4407944313220798,-9.01433762907709,352
5,0.6,,,4,0.4407944313220798,-9.01433762907709,352
5,0.7,,,4,0.4407944313220798,-9.01433762907709,352
5,0.5,,,4,0.4407944313220798,-9.01433762907709,352
5,0.75,,,4,0.4407944313220798,-9.01433762907709,352
5,0.65,,,4,0.4407944313220798,-9.01433762907709,352
2,0.25,,,8,0.37611779655068467,-9.023235823168488,812
7,0.35,,,10,0.3673518584726989,-9.069157459978758,244
7,0.3,,,10,0.3673518584726989,-9.069157459978758,244
8,0.4,,,8,0.39039241662342394,-9.099508746365071,212
7,0.7,,,10,0.38969947373366154,-9.102076126443984,247
7,0.8,,,10,0.38969947373366154,-9.102076126443984,247
7,0.65,,,10,0.38969947373366154,-9.102076126443984,247
7,0.5,,,10,0.38969947373366154,-9.102076126443984,247
7,0.55,,,10,0.38969947373366154,-9.102076126443984,247
7,0.6,,,10,0.38969947373366154,-9.102076126443984,247
7,0.75,,,10,0.38969947373366154,-9.102076126443984,247
6,0.45,,,10,0.38908607495075265,-9.109468287569587,288
2,0.6,,,8,0.4322075995223833,-9.138226535567243,816
2,0.65,,,8,0.4322075995223833,-9.138226535567243,816
2,0.55,,,8,0.4322075995223833,-9.138226535567243,816
2,0.75,,,8,0.4322075995223833,-9.138226535567243,816
2,0.5,,,8,0.4322075995223833,-9.138226535567243,816
2,0.8,,,8,0.4322075995223833,-9.138226535567243,816
2,0.7,,,8,0.4322075995223833,-9.138226535567243,816
2,0.4,,,7,0.3979434675538595,-9.14404762831627,814
8,0.45,,,9,0.38018969264333485,-9.163219881979765,213
3,0.45,,,7,0.4143198031147067,-9.175425780749737,581
5,0.3,,,7,0.38732387601647006,-9.175480867128524,349
5,0.35,,,7,0.38732387601647006,-9.175480867128524,349
8,0.25,,,9,0.3902069963881394,-9.21112835470737,210
2,0.65,,,7,0.4373101998956024,-9.2167782769304,816
2,0.6,,,7,0.4373101998956024,-9.2167782769304,816
2,0.8,,,7,0.4373101998956024,-9.2167782769304,816
2,0.5,,,7,0.4373101998956024,-9.2167782769304,816
2,0.7,,,7,0.4373101998956024,-9.2167782769304,816
2,0.55,,,7,0.4373101998956024,-9.2167782769304,816
2,0.75,,,7,0.4373101998956024,-9.2167782769304,816
6,0.8,,,10,0.3995807581088525,-9.230181811159827,289
6,0.55,,,10,0.3995807581088525,-9.230181811159827,289
6,0.65,,,10,0.3995807581088525,-9.230181811159827,289
6,0.75,,,10,0.3995807581088525,-9.230181811159827,289
6,0.5,,,10,0.3995807581088525,-9.230181811159827,289
6,0.6,,,10,0.3995807581088525,-9.230181811159827,289
6,0.7,,,10,0.3995807581088525,-9.230181811159827,289
3,0.35,,,9,0.3883414649861477,-9.238250653985933,579
3,0.3,,,9,0.3883414649861477,-9.238250653985933,579
4,0.45,,,8,0.3960422384771233,-9.252939796057326,447
4,0.25,,,7,0.4057115654396796,-9.258895842597003,444
6,0.4,,,8,0.393144595254017,-9.37529666506323,287
4,0.35,,,8,0.4063765218295473,-9.376543277187942,445
4,0.3,,,8,0.4063765218295473,-9.376543277187942,445
6,0.25,,,10,0.3904219459081276,-9.464446772768111,285
7,0.4,,,10,0.3623109475560508,-9.475217195180445,245
4,0.4,,,10,0.3867314970966661,-9.536498050271833,446
6,0.7,,,8,0.38410589254844024,-9.557958507003965,289
6,0.5,,,8,0.38410589254844024,-9.557958507003965,289
6,0.55,,,8,0.38410589254844024,-9.557958507003965,289
6,0.65,,,8,0.38410589254844024,-9.557958507003965,289
6,0.6,,,8,0.38410589254844024,-9.557958507003965,289
6,0.8,,,8,0.38410589254844024,-9.557958507003965,289
6,0.75,,,8,0.38410589254844024,-9.557958507003965,289
6,0.35,,,10,0.4082511849263349,-9.561225278140515,286
6,0.3,,,10,0.4082511849263349,-9.561225278140515,286
7,0.4,,,9,0.3775814168594056,-9.567293023649425,245
5,0.4,,,7,0.37311489271792625,-9.61426245798837,350
2,0.75,,,6,0.42945251223744657,-9.625962544843212,816
2,0.8,,,6,0.42945251223744657,-9.625962544843212,816
2,0.65,,,6,0.42945251223744657,-9.625962544843212,816
2,0.7,,,6,0.42945251223744657,-9.625962544843212,816
2,0.5,,,6,0.42945251223744657,-9.625962544843212,816
2,0.6,,,6,0.42945251223744657,-9.625962544843212,816
2,0.55,,,6,0.42945251223744657,-9.625962544843212,816
3,0.6,,,7,0.43660029398053124,-9.626955418779305,582
3,0.7,,,7,0.43660029398053124,-9.626955418779305,582
3,0.8,,,7,0.43660029398053124,-9.626955418779305,582
3,0.55,,,7,0.43660029398053124,-9.626955418779305,582
3,0.65,,,7,0.43660029398053124,-9.626955418779305,582
3,0.75,,,7,0.43660029398053124,-9.626955418779305,582
3,0.5,,,7,0.43660029398053124,-9.626955418779305,582
6,0.3,,,9,0.41644752157571086,-9.634310479914737,286
6,0.35,,,9,0.41644752157571086,-9.634310479914737,286
7,0.3,,,9,0.36674735523613283,-9.647476230900732,244
7,0.35,,,9,0.36674735523613283,-9.647476230900732,244
4,0.4,,,9,0.39674497865333275,-9.648541655517436,446
6,0.4,,,9,0.3768799789720372,-9.650502416264759,287
6,0.25,,,8,0.3704187975109712,-9.663729208772551,285
5,0.3,,,9,0.3982357215744384,-9.664898826151372,349
5,0.35,,,9,0.3982357215744384,-9.664898826151372,349
3,0.25,,,7,0.409447989774328,-9.7202232079778,578
6,0.6,,,9,0.3969279555205285,-9.722925688413921,289
6,0.55,,,9,0.3969279555205285,-9.722925688413921,289
6,0.75,,,9,0.3969279555205285,-9.722925688413921,289
6,0.65,,,9,0.3969279555205285,-9.722925688413921,289
6,0.7,,,9,0.3969279555205285,-9.722925688413921,289
6,0.8,,,9,0.3969279555205285,-9.722925688413921,289
6,0.5,,,9,0.3969279555205285,-9.722925688413921,289
6,0.4,,,10,0.37092582876828584,-9.746904742324753,287
5,0.45,,,9,0.3824844237558515,-9.773909726214033,351
5,0.4,,,6,0.3910990601503528,-9.780459680699044,350
3,0.8,,,6,0.46880749575511715,-9.836964461507996,582
3,0.75,,,6,0.46880749575511715,-9.836964461507996,582
3,0.7,,,6,0.46880749575511715,-9.836964461507996,582
3,0.55,,,6,0.46880749575511715,-9.836964461507996,582
3,0.5,,,6,0.46880749575511715,-9.836964461507996,582
3,0.6,,,6,0.46880749575511715,-9.836964461507996,582
3,0.65,,,6,0.46880749575511715,-9.836964461507996,582
5,0.6,,,6,0.39169145901870256,-9.854854194890963,352
5,0.7,,,6,0.39169145901870256,-9.854854194890963,352
5,0.55,,,6,0.39169145901870256,-9.854854194890963,352
5,0.65,,,6,0.39169145901870256,-9.854854194890963,352
5,0.8,,,6,0.39169145901870256,-9.854854194890963,352
5,0.5,,,6,0.39169145901870256,-9.854854194890963,352
5,0.75,,,6,0.39169145901870256,-9.854854194890963,352
2,0.4,,,8,0.4067862204047268,-10.009371413083489,814
4,0.55,,,8,0.38939886019691916,-10.037687931728717,448
4,0.8,,,8,0.38939886019691916,-10.037687931728717,448
4,0.65,,,8,0.38939886019691916,-10.037687931728717,448
4,0.6,,,8,0.38939886019691916,-10.037687931728717,448
4,0.7,,,8,0.38939886019691916,-10.037687931728717,448
4,0.5,,,8,0.38939886019691916,-10.037687931728717,448
4,0.75,,,8,0.38939886019691916,-10.037687931728717,448
3,0.45,,,8,0.4003780758336354,-10.072381544653155,581
5,0.25,,,9,0.3929347518857197,-10.113458104931997,348
5,0.45,,,10,0.4006869601645559,-10.126414692819203,351
5,0.7,,,10,0.4229791594889868,-10.151792603594837,352
5,0.75,,,10,0.4229791594889868,-10.151792603594837,352
5,0.8,,,10,0.4229791594889868,-10.151792603594837,352
5,0.55,,,10,0.4229791594889868,-10.151792603594837,352
5,0.6,,,10,0.4229791594889868,-10.151792603594837,352
5,0.65,,,10,0.4229791594889868,-10.151792603594837,352
5,0.5,,,10,0.4229791594889868,-10.151792603594837,352
3,0.4,,,10,0.40031961928070225,-10.173470165189334,580
5,0.4,,,8,0.41359688025267516,-10.179852059160563,350
6,0.25,,,9,0.3837157947780299,-10.355322949889187,285
4,0.3,,,9,0.4133368629455392,-10.410996547798664,445
4,0.35,,,9,0.4133368629455392,-10.410996547798664,445
2,0.25,,,9,0.3698360734902073,-10.43385724882884,812
5,0.6,,,8,0.39562518949488124,-10.43523427528051,352
5,0.65,,,8,0.39562518949488124,-10.43523427528051,352
5,0.7,,,8,0.39562518949488124,-10.43523427528051,352
5,0.55,,,8,0.39562518949488124,-10.43523427528051,352
5,0.5,,,8,0.39562518949488124,-10.43523427528051,352
5,0.8,,,8,0.39562518949488124,-10.43523427528051,352
5,0.75,,,8,0.39562518949488124,-10.43523427528051,352
2,0.45,,,9,0.430081462005087,-10.486773561701654,815
3,0.25,,,10,0.4006373485563862,-10.497062081324229,578
4,0.45,,,10,0.3908464885668237,-10.504157024062357,447
5,0.35,,,8,0.38232603292356704,-10.520039570559138,349
5,0.3,,,8,0.38232603292356704,-10.520039570559138,349
4,0.8,,,9,0.43720210605339577,-10.558818499334215,448
4,0.5,,,9,0.43720210605339577,-10.558818499334215,448
4,0.65,,,9,0.43720210605339577,-10.558818499334215,448
4,0.75,,,9,0.43720210605339577,-10.558818499334215,448
4,0.7,,,9,0.43720210605339577,-10.558818499334215,448
4,0.6,,,9,0.43720210605339577,-10.558818499334215,448
4,0.55,,,9,0.43720210605339577,-10.558818499334215,448
2,0.4,,,9,0.43146875506682864,-10.578011780828565,814
3,0.25,,,8,0.4083696263901584,-10.585439362415162,578
5,0.7,,,7,0.3844150109941008,-10.586120939760336,352
5,0.65,,,7,0.3844150109941008,-10.586120939760336,352
5,0.5,,,7,0.3844150109941008,-10.586120939760336,352
5,0.8,,,7,0.3844150109941008,-10.586120939760336,352
5,0.55,,,7,0.3844150109941008,-10.586120939760336,352
5,0.75,,,7,0.3844150109941008,-10.586120939760336,352
5,0.6,,,7,0.3844150109941008,-10.586120939760336,352
2,0.3,,,10,0.440494229327374,-10.613634060378732,813
2,0.35,,,10,0.440494229327374,-10.613634060378732,813
4,0.25,,,9,0.43009540721198464,-10.624547606091701,444
2,0.45,,,7,0.4446633412756464,-10.632742609245012,815
3,0.35,,,10,0.3980858034950838,-10.762949914377149,579
3,0.3,,,10,0.3980858034950838,-10.762949914377149,579
2,0.75,,,10,0.4220401619482198,-10.851396144391627,816
2,0.5,,,10,0.4220401619482198,-10.851396144391627,816
2,0.65,,,10,0.4220401619482198,-10.851396144391627,816
2,0.55,,,10,0.4220401619482198,-10.851396144391627,816
2,0.8,,,10,0.4220401619482198,-10.851396144391627,816
2,0.6,,,10,0.4220401619482198,-10.851396144391627,816
2,0.7,,,10,0.4220401619482198,-10.851396144391627,816
3,0.25,,,9,0.4249906577396941,-10.856890392912485,578
5,0.3,,,10,0.40616494263576086,-10.859726644581269,349
5,0.35,,,10,0.40616494263576086,-10.859726644581269,349
3,0.55,,,8,0.4518723565968084,-10.885943058597528,582
3,0.75,,,8,0.4518723565968084,-10.885943058597528,582
3,0.7,,,8,0.4518723565968084,-10.885943058597528,582
3,0.65,,,8,0.4518723565968084,-10.885943058597528,582
3,0.5,,,8,0.4518723565968084,-10.885943058597528,582
3,0.6,,,8,0.4518723565968084,-10.885943058597528,582
3,0.8,,,8,0.4518723565968084,-10.885943058597528,582
4,0.35,,,10,0.4146383945116667,-10.959654821264662,445
4,0.3,,,10,0.4146383945116667,-10.959654821264662,445
2,0.3,,,9,0.41487998217121397,-10.964439348381406,813
2,0.35,,,9,0.41487998217121397,-10.964439348381406,813
5,0.25,,,10,0.4062865067078544,-10.985653848384445,348
3,0.6,,,9,0.41594947197970966,-10.993281290505365,582
3,0.8,,,9,0.41594947197970966,-10.993281290505365,582
3,0.5,,,9,0.41594947197970966,-10.993281290505365,582
3,0.7,,,9,0.41594947197970966,-10.993281290505365,582
3,0.75,,,9,0.41594947197970966,-10.993281290505365,582
3,0.65,,,9,0.41594947197970966,-10.993281290505365,582
3,0.55,,,9,0.41594947197970966,-10.993281290505365,582
3,0.45,,,9,0.4377982805011215,-11.031505855369632,581
2,0.45,,,6,0.44885004934138867,-11.161512387819016,815
3,0.5,,,10,0.45140023676658625,-11.177116947797796,582
3,0.65,,,10,0.45140023676658625,-11.177116947797796,582
3,0.75,,,10,0.45140023676658625,-11.177116947797796,582
3,0.6,,,10,0.45140023676658625,-11.177116947797796,582
3,0.7,,,10,0.45140023676658625,-11.177116947797796,582
3,0.55,,,10,0.45140023676658625,-11.177116947797796,582
3,0.8,,,10,0.45140023676658625,-11.177116947797796,582
3,0.45,,,10,0.4266654520029782,-11.23503987610645,581
4,0.25,,,10,0.41640160272391913,-11.338073508879273,444
5,0.8,,,9,0.41150670866082567,-11.345217007260626,352
5,0.5,,,9,0.41150670866082567,-11.345217007260626,352
5,0.75,,,9,0.41150670866082567,-11.345217007260626,352
5,0.55,,,9,0.41150670866082567,-11.345217007260626,352
5,0.7,,,9,0.41150670866082567,-11.345217007260626,352
5,0.65,,,9,0.41150670866082567,-11.345217007260626,352
5,0.6,,,9,0.41150670866082567,-11.345217007260626,352
4,0.7,,,10,0.42437461226503304,-11.356195233263588,448
4,0.55,,,10,0.42437461226503304,-11.356195233263588,448
4,0.75,,,10,0.42437461226503304,-11.356195233263588,448
4,0.5,,,10,0.42437461226503304,-11.356195233263588,448
4,0.8,,,10,0.42437461226503304,-11.356195233263588,448
4,0.6,,,10,0.42437461226503304,-11.356195233263588,448
4,0.65,,,10,0.42437461226503304,-11.356195233263588,448
5,0.4,,,10,0.40396821155228835,-11.365108327492516,350
2,0.45,,,8,0.4776305704312618,-11.501898120983233,815
2,0.45,,,10,0.43789948623286995,-11.650309639419262,815
2,0.25,,,10,0.4224045948821008,-11.705669690713334,812
5,0.4,,,9,0.4458563924228701,-11.941083525253994,350
2,0.8,,,9,0.4761330098009251,-12.059897333084574,816
2,0.6,,,9,0.4761330098009251,-12.059897333084574,816
2,0.75,,,9,0.4761330098009251,-12.059897333084574,816
2,0.5,,,9,0.4761330098009251,-12.059897333084574,816
2,0.7,,,9,0.4761330098009251,-12.059897333084574,816
2,0.55,,,9,0.4761330098009251,-12.059897333084574,816
2,0.65,,,9,0.4761330098009251,-12.059897333084574,816
